{
  "Structural": {
    "Model": {
      "ServiceReport": [
        10,
        0,
        10
      ]
    },
    "Service": {
      "MobileServiceImpl": [
        5,
        4,
        1
      ]
    },
    "Exception": {
      "MobileServiceException": [
        2,
        2,
        0
      ]
    },
    "Validator": {
      "Validator": [
        6,
        6,
        0
      ]
    }
  },
  "Logical": {
    "Service": {
      "MobileServiceImpl": [
        11,
        0,
        11
      ]
    },
    "Validator": {
      "Validator": [
        26,
        0,
        26
      ]
    }
  }
}